url_ip,tag,reporter
https://NEW-ITEM-inc-pay-pal-support.ml/fr/507930/en/season.php?country.x=f9b33f350ef7274dc52cd55373b4ba4cf9b33f350ef7274dc52cd55373b4ba4c,Phishing,ThreatHaus
http://mail.mukeshb.cu.ma/~gntcncum/D/H/L/EX-Press/document-/=46d37d3ffe90b3e56482e0726a2ff729cad88d5916aeb3e4a2a1d3c8889afd000dffdd18fe1509450bde3c1eebdef4be/tracking2.php,Phishing,ThreatHaus
http://448asilisten.cf/botton/10d833071d87b1e61090db818e6631a1/hashincl.php,Phishing,ThreatHaus
https://bridalday.co.za/wwpp11/MKLDPuxyLj/WqqEHEJigD/QvYReMyFV/DnugrW8Hp2/HbaYVBZK/index.php,Phishing,ThreatHaus
http://mail.friendszone.cu.ma/~gntcncum/D/H/L/EX-Press/document-/=46d37d3ffe90b3e56482e0726a2ff729cad88d5916aeb3e4a2a1d3c8889afd000dffdd18fe1509450bde3c1eebdef4be/tracking2.php?l=_JeHFUq_VJOXK0QWHtoGYDw_Product-UserID&userid=,Phishing,ThreatHaus
https://gex.co.za/Document/Document/SP12/SP12/SP/BxZGbc2N90w61PT4QlJKszF73LWaorOAeinIt&E5vfhHDMYCURmXS8ykV_d/personal.php?loqln=sbmit&id=ef5484bc01aecbca93a77ba2b27eec&session=1009130bba34c01d8360a00b3a64bd92,Phishing,ThreatHaus
https://abbaconstruction.co.ke/wp-includes/ID3/Cookies/log.htm,Phishing,ThreatHaus
http://448asilisten.cf/botton/8caa84f6088845e799bedf4e4ec12b8e/hashincl.php?wa=wsignin1.0&amp;rpsnv=13&amp;ct=1504448382&amp;rver=6.7.6643.0&amp;wp=MBI_SSL_SHARED&amp;wreply=https:%2F%2Fmail.live.com%2Fdefault.aspx%3Frru%3Dinbox&amp;lc=1033&amp;id=64855&amp;mkt=en-us&amp;cbcxt=mai,Phishing,ThreatHaus
https://xtasystm.cu.ma/~gntcncum/D/H/L/EX-Press/document-/=46d37d3ffe90b3e56482e0726a2ff729cad88d5916aeb3e4a2a1d3c8889afd000dffdd18fe1509450bde3c1eebdef4be/tracking2.php,Phishing,ThreatHaus
https://mail.educationalplanet.cu.ma/~gntcncum/D/H/L/EX-Press/document-/=46d37d3ffe90b3e56482e0726a2ff729cad88d5916aeb3e4a2a1d3c8889afd000dffdd18fe1509450bde3c1eebdef4be/tracking2.php?l=_JeHFUq_VJOXK0QWHtoGYDw_Product-UserID&userid=,Phishing,ThreatHaus
https://friendszone.cu.ma/~gntcncum/D/H/L/EX-Press/document-/=46d37d3ffe90b3e56482e0726a2ff729cad88d5916aeb3e4a2a1d3c8889afd000dffdd18fe1509450bde3c1eebdef4be/tracking2.php?l=_JeHFUq_VJOXK0QWHtoGYDw_Product-UserID&userid=,Phishing,ThreatHaus
https://payserv.cf/es/cc4686/en/season.php?country.x=cf4dbdefb44c953c44b7020021eb3d51cf4dbdefb44c953c44b7020021eb3d51,Phishing,ThreatHaus
https://champaranwap.cu.ma/~gntcncum/D/H/L/EX-Press/document-/=46d37d3ffe90b3e56482e0726a2ff729cad88d5916aeb3e4a2a1d3c8889afd000dffdd18fe1509450bde3c1eebdef4be/tracking2.php?l=_JeHFUq_VJOXK0QWHtoGYDw_Product-UserID&userid=,Phishing,ThreatHaus
http://shulebox.ac.tz/ll/AT&T/index.php,Phishing,ThreatHaus
http://www.wutt.cu.ma/~gntcncum/D/H/L/EX-Press/document-/=46d37d3ffe90b3e56482e0726a2ff729cad88d5916aeb3e4a2a1d3c8889afd000dffdd18fe1509450bde3c1eebdef4be/tracking2.php?l=_JeHFUq_VJOXK0QWHtoGYDw_Product-UserID&userid=,Phishing,ThreatHaus
http://mkviss.cf/yes,Phishing,ThreatHaus
https://estebansilvestre.cu.ma/~gntcncum/D/H/L/EX-Press/document-/=46d37d3ffe90b3e56482e0726a2ff729cad88d5916aeb3e4a2a1d3c8889afd000dffdd18fe1509450bde3c1eebdef4be/tracking2.php,Phishing,ThreatHaus
http://www.baa.cu.ma/~gntcncum/D/H/L/EX-Press/document-/=46d37d3ffe90b3e56482e0726a2ff729cad88d5916aeb3e4a2a1d3c8889afd000dffdd18fe1509450bde3c1eebdef4be/tracking2.php?l=_JeHFUq_VJOXK0QWHtoGYDw_Product-UserID&userid=,Phishing,ThreatHaus
https://abbaconstruction.co.ke/wp-includes/ID3/Cookies/,Phishing,ThreatHaus
https://informatserviup.ga/session/index.php,Phishing,ThreatHaus
https://thunder.co.ke/wp/wp-content/plugins/include/exch/,Phishing,ThreatHaus
http://www.canblog.co.za/jk/gfilepro/SP12/SP/Sw6&hsvQGHUEYbKt3_czoMy27TWLPkBNrAdanlD980mxJe14FiRV5OfIZCX/personal.php?loqln=sbmit&id=6ee8558208164ec03e6111fab91933&session=65b09160b18f0e21747a23ac3b475942,Phishing,ThreatHaus
http://ourtime.com.lukwara.co.za/php.ourtime,Phishing,ThreatHaus
https://www.fuchsbau.cu.ma/~gntcncum/D/H/L/EX-Press/document-/=46d37d3ffe90b3e56482e0726a2ff729cad88d5916aeb3e4a2a1d3c8889afd000dffdd18fe1509450bde3c1eebdef4be/tracking2.php,Phishing,ThreatHaus
http://movievised.cu.ma/~gntcncum/D/H/L/EX-Press/document-/=46d37d3ffe90b3e56482e0726a2ff729cad88d5916aeb3e4a2a1d3c8889afd000dffdd18fe1509450bde3c1eebdef4be/tracking2.php?l=_JeHFUq_VJOXK0QWHtoGYDw_Product-UserID&userid=,Phishing,ThreatHaus
https://sthfgsrhds6.ga/aws.amazon/aws.amazon/passwordaccess.php,Phishing,ThreatHaus
https://mwalimusolution.co.tz/irii/banks/CIBC/index.html,Phishing,ThreatHaus
https://shulebox.ac.tz/fun/AT&T/index.php,Phishing,ThreatHaus
https://moviebex.cu.ma/~gntcncum/D/H/L/EX-Press/document-/=46d37d3ffe90b3e56482e0726a2ff729cad88d5916aeb3e4a2a1d3c8889afd000dffdd18fe1509450bde3c1eebdef4be/tracking2.php?l=_JeHFUq_VJOXK0QWHtoGYDw_Product-UserID&userid=,Phishing,ThreatHaus
https://vanilladraw.cu.ma/~gntcncum/D/H/L/EX-Press/document-/=46d37d3ffe90b3e56482e0726a2ff729cad88d5916aeb3e4a2a1d3c8889afd000dffdd18fe1509450bde3c1eebdef4be/tracking2.php?l=_JeHFUq_VJOXK0QWHtoGYDw_Product-UserID&userid=,Phishing,ThreatHaus
http://canblog.co.za/jk/gfilepro/SP12/SP/b4JBMEW3zxySAwVv2&6RCLOmfhI5_kKQ918ZrnXGHUsNtoDP0TFd7aielcY/personal.php?loqln=sbmit&id=5df50223aee7e9337f79f0f1851ca0&session=f1b09dedfa5a55862bbffaf5f9d4f3ef,Phishing,ThreatHaus
https://damaica892.cf/adap/nsw/data/,Phishing,ThreatHaus
https://448asilisten.cf/botton/c09540633ec4e4709a7f2ea1fe4b9e00/hashincl.php?wa=wsignin1.0&rpsnv=13&ct=1504448382&rver=6.7.6643.0&wp=MBI_SSL_SHARED&wreply=https:%2F%2Fmail.live.com%2Fdefault.aspx%3Frru%3Dinbox&lc=1033&id=64855&mkt=en-us&cbcxt=mai,Phishing,ThreatHaus
http://www.sthfgsrhds6.ga/aws.amazon/aws.amazon,Phishing,ThreatHaus
http://www.448asilisten.cf/botton/1d9407ee6215643a94a21950d9c81429/hashincl.php?wa=wsignin1.0&rpsnv=13&ct=1504448382&rver=6.7.6643.0&wp=MBI_SSL_SHARED&wreply=https:%2F%2Fmail.live.com%2Fdefault.aspx%3Frru%3Dinbox&lc=1033&id=64855&mkt=en-us&cbcxt=mai,Phishing,ThreatHaus
https://gdtfvcb.cf/666391/en/season.php?country.x=76eeed5324f8237b3e7e7de51ac5f64976eeed5324f8237b3e7e7de51ac5f649,Phishing,ThreatHaus
https://inc-pay-pal-support.ml/fr/286282/en/season.php?country.x=8cd20180fbdad91ea7bdb6e7d64aeab28cd20180fbdad91ea7bdb6e7d64aeab2,Phishing,ThreatHaus
http://mail.atlasunited.cu.ma/~gntcncum/D/H/L/EX-Press/document-/=46d37d3ffe90b3e56482e0726a2ff729cad88d5916aeb3e4a2a1d3c8889afd000dffdd18fe1509450bde3c1eebdef4be/tracking2.php?l=_JeHFUq_VJOXK0QWHtoGYDw_Product-UserID&userid=,Phishing,ThreatHaus
http://mail.dmig.ga/~gntcncum/D/H/L/EX-Press/document-/=46d37d3ffe90b3e56482e0726a2ff729cad88d5916aeb3e4a2a1d3c8889afd000dffdd18fe1509450bde3c1eebdef4be/tracking2.php,Phishing,ThreatHaus
https://www.xtasystm.cu.ma/~gntcncum/D/H/L/EX-Press/document-/=46d37d3ffe90b3e56482e0726a2ff729cad88d5916aeb3e4a2a1d3c8889afd000dffdd18fe1509450bde3c1eebdef4be/tracking2.php,Phishing,ThreatHaus
http://www.dmig.ga/~gntcncum/D/H/L/EX-Press/document-/=46d37d3ffe90b3e56482e0726a2ff729cad88d5916aeb3e4a2a1d3c8889afd000dffdd18fe1509450bde3c1eebdef4be/tracking2.php,Phishing,ThreatHaus
https://arazambeze.gov.mz/wp-admin/images/bba/login.php?cmd=login_submit&id=9cab93fce235e862a3ee281599511ff69cab93fce235e862a3ee281599511ff6&session=9cab93fce235e862a3ee281599511ff69cab93fce235e862a3ee281599511ff6,Phishing,ThreatHaus
http://account-servi-v101.cf/,Phishing,ThreatHaus
https://mail.naatsharif.cu.ma/~gntcncum/D/H/L/EX-Press/document-/=46d37d3ffe90b3e56482e0726a2ff729cad88d5916aeb3e4a2a1d3c8889afd000dffdd18fe1509450bde3c1eebdef4be/tracking2.php?l=_JeHFUq_VJOXK0QWHtoGYDw_Product-UserID&userid=,Phishing,ThreatHaus
https://fosteranddalton.co.za/Newfolderhtml.doc/Documetcloud/Document/drivers/microsoft.php,Phishing,ThreatHaus
https://www.containersforall.co.za/propercare/,Phishing,ThreatHaus
http://notto.sn/wp-includes/images/webmail.htm,Phishing,ThreatHaus
http://eldoretoncology.co.ke/wp-style/office/,Phishing,ThreatHaus
https://tumaquinaexpress.cu.ma/~gntcncum/D/H/L/EX-Press/document-/=46d37d3ffe90b3e56482e0726a2ff729cad88d5916aeb3e4a2a1d3c8889afd000dffdd18fe1509450bde3c1eebdef4be/tracking2.php?l=_JeHFUq_VJOXK0QWHtoGYDw_Product-UserID&userid=,Phishing,ThreatHaus
http://mail.baa.cu.ma/~gntcncum/D/H/L/EX-Press/document-/=46d37d3ffe90b3e56482e0726a2ff729cad88d5916aeb3e4a2a1d3c8889afd000dffdd18fe1509450bde3c1eebdef4be/tracking2.php?l=_JeHFUq_VJOXK0QWHtoGYDw_Product-UserID&userid=,Phishing,ThreatHaus
https://damaica892.cf/adap/nsw/data/Adobe.htm,Phishing,ThreatHaus
https://www.rbambaliya.cu.ma/~gntcncum/D/H/L/EX-Press/document-/=46d37d3ffe90b3e56482e0726a2ff729cad88d5916aeb3e4a2a1d3c8889afd000dffdd18fe1509450bde3c1eebdef4be/tracking2.php,Phishing,ThreatHaus
http://mkviss.cf/yes/error.php?rand=13InboxLightaspxn.1774256418&fid.4.1252899642&fid=1&fav.1&rand.13InboxLight.aspxn.1774256418&fid.1252899642&fid.1&fav.1&email=&.rand=13InboxLight.aspx?n=1774256418&fid=4#n=1252899642&fid=1&fav=1,Phishing,ThreatHaus
http://support-ti.cu.ma/~gntcncum/D/H/L/EX-Press/document-/=46d37d3ffe90b3e56482e0726a2ff729cad88d5916aeb3e4a2a1d3c8889afd000dffdd18fe1509450bde3c1eebdef4be/tracking2.php?l=_JeHFUq_VJOXK0QWHtoGYDw_Product-UserID&userid=,Phishing,ThreatHaus
https://heavenlyhills.com.ng/logs/9930ddb85f3df53a7e0688350712ecd1/signinsecure.php,Phishing,ThreatHaus
http://solve.clone-service.ml/login/cmd-login=6899809ec87d82a1df9529e9015f0beb/wrong_pass.php?email=&rand=13InboxLightaspxn.1774256418&fid.4.1252899642&fid=1&fav.1&rand.13InboxLight.aspxn.1774256418&fid.1252899642&fid.1&fav.113InboxLight.aspx?n=1774256418&fid=4#n=1252899642&fid=1&fav=1,Phishing,ThreatHaus
http://provafd.cu.ma/~gntcncum/D/H/L/EX-Press/document-/=46d37d3ffe90b3e56482e0726a2ff729cad88d5916aeb3e4a2a1d3c8889afd000dffdd18fe1509450bde3c1eebdef4be/tracking2.php,Phishing,ThreatHaus
https://mail.freejobalert.cu.ma/~gntcncum/D/H/L/EX-Press/document-/=46d37d3ffe90b3e56482e0726a2ff729cad88d5916aeb3e4a2a1d3c8889afd000dffdd18fe1509450bde3c1eebdef4be/tracking2.php?l=_JeHFUq_VJOXK0QWHtoGYDw_Product-UserID&userid=,Phishing,ThreatHaus
https://komets.ml/&%23%5E%23%25$%23%5E%23&%23%25%23$%23/,Phishing,ThreatHaus
http://www.botswanaembassy.co.zw/components/onedrive/marion-gc/,Phishing,ThreatHaus
https://action-trv.cf/sup/Support/880ef360697b6d4ec8dc186d63a62acc/Up-dating.php?country.x=-&ACCT.x=ID-PPL=PA324188.166.98.249=ScrPg=ff85ca48633c8c8fdbaa1baec6feba5ff43f62f95f9638786d2dbf4c34ec0970S=$1$bJr3BYpp$bgkP/hVeuqXKgESfv99fy.jz4YA6pNg3bK0l9xXBUn7ELJWGMVhfOwr5isTmCQqPHvduo2S1cyaZRkt8DIFei7Id16x3BqrOU89o5gbmkfuDASVatHFjXJPznsYZWvLTCRyhNK4cE2QwelGM0p41091127073,Phishing,ThreatHaus
http://ourtime.com.lukwara.co.za/php.ourtime/,Phishing,ThreatHaus
http://mail.digitallover.cu.ma/~gntcncum/D/H/L/EX-Press/document-/=46d37d3ffe90b3e56482e0726a2ff729cad88d5916aeb3e4a2a1d3c8889afd000dffdd18fe1509450bde3c1eebdef4be/tracking2.php?l=_JeHFUq_VJOXK0QWHtoGYDw_Product-UserID&userid=,Phishing,ThreatHaus
https://jotrans.co.za/images/documentsharepdffile/office/index.html,Phishing,ThreatHaus
https://atualizacadastropositivo.ga/cx/adesao.php,Phishing,ThreatHaus
https://atualizacadastropositivo.ga/cx/index2.php,Phishing,ThreatHaus
https://448asilisten.cf/botton/f8e084d2004e982294a547ef7d743bf8/hashincl.php,Phishing,ThreatHaus
https://mwalimusolution.co.tz/irii/banks/CIBC/ebm-mobile-app/index.html,Phishing,ThreatHaus
http://one2onefocus.co.tz/wp-includes/configure/citizenverificatiom/verify.html,Phishing,ThreatHaus
http://mail.devbhoomimanthanuk.cu.ma/~gntcncum/D/H/L/EX-Press/document-/=46d37d3ffe90b3e56482e0726a2ff729cad88d5916aeb3e4a2a1d3c8889afd000dffdd18fe1509450bde3c1eebdef4be/tracking2.php?l=_JeHFUq_VJOXK0QWHtoGYDw_Product-UserID&userid=,Phishing,ThreatHaus
https://www.rodtimberproducts.co.za/wp-includes/theme-compat/chase/account/income/access/index.htm,Phishing,ThreatHaus
http://mail.deerajreddy.cu.ma/~gntcncum/D/H/L/EX-Press/document-/=46d37d3ffe90b3e56482e0726a2ff729cad88d5916aeb3e4a2a1d3c8889afd000dffdd18fe1509450bde3c1eebdef4be/tracking2.php,Phishing,ThreatHaus
https://masseffect.co.za/.lilman/login.php?cmd=login_submit&id=fd242db675a7ba8a8e56e27135bfe799fd242db675a7ba8a8e56e27135bfe799&session=fd242db675a7ba8a8e56e27135bfe799fd242db675a7ba8a8e56e27135bfe799,Phishing,ThreatHaus
https://bridalday.co.za/wwpp11/MKLDPuxyLj/WqqEHEJigD/QvYReMyFV/DnugrW8Hp2/HbaYVBZK/indexw.php,Phishing,ThreatHaus
https://coxonline.emcoqatardom.ml/cox.net/cox.htm,Phishing,ThreatHaus
https://gettingitfo90rsecuring.gq/TPY/proposal/verificationAttempt.php?sf58gfd1s689sxd2sdf8angf264s9df23sd2f1n495K3L2C151645172991f1477dbd26917ef3822423f62e984a91f1477dbd26917ef3822423f62e984a91f1477dbd,Phishing,ThreatHaus
http://account-servi-v101.cf/login2.php?https://login.live.com/public/IdentifyUser.aspx?LOB=RBGLogon,Phishing,ThreatHaus
https://cartoonanime.streaming2018.cu.ma/~gntcncum/D/H/L/EX-Press/document-/=46d37d3ffe90b3e56482e0726a2ff729cad88d5916aeb3e4a2a1d3c8889afd000dffdd18fe1509450bde3c1eebdef4be/tracking2.php,Phishing,ThreatHaus
http://mail.softfree.cu.ma/~gntcncum/D/H/L/EX-Press/document-/=46d37d3ffe90b3e56482e0726a2ff729cad88d5916aeb3e4a2a1d3c8889afd000dffdd18fe1509450bde3c1eebdef4be/tracking2.php?l=_JeHFUq_VJOXK0QWHtoGYDw_Product-UserID&userid=,Phishing,ThreatHaus
https://action-trv.cf/sup/Support/caf0a87fccba1d1decb448fa6fba0ca8/Up-dating.php?country.x=-&ACCT.x=ID-PPL=PA324188.166.98.249=ScrPg=4ceaaf34b913579146a59f3d99d4cad55e46617c5dc8f0538cb0e9fb560cb8c4S=$1$KD7eQaB8$SZ.oQIc9o9ttbgEQ/Sgrw0tVzRdZFlYWHS3jUbKkq8Xo0ve9yNB7fsgPmpJ1OLIicDaxwC5h4n6TuQEG2rAMwvbg9AZhfzEd3VN1Xic5mPrqpRGQBHMSs2teuanWL4JFDyIOUT6K7k0Co8jYlx44632017090,Phishing,ThreatHaus
http://boelling.cu.ma/~gntcncum/D/H/L/EX-Press/document-/=46d37d3ffe90b3e56482e0726a2ff729cad88d5916aeb3e4a2a1d3c8889afd000dffdd18fe1509450bde3c1eebdef4be/tracking2.php,Phishing,ThreatHaus
http://www.hgvfcff.ga/178c72/en/season.php?country.x=750065786713f731eed9018fab282550750065786713f731eed9018fab282550,Phishing,ThreatHaus
https://gettingitfo90rsecuring.gq/TPY/proposal/verification.php,Phishing,ThreatHaus
https://www.dmig.cu.ma/~gntcncum/D/H/L/EX-Press/document-/=46d37d3ffe90b3e56482e0726a2ff729cad88d5916aeb3e4a2a1d3c8889afd000dffdd18fe1509450bde3c1eebdef4be/tracking2.php,Phishing,ThreatHaus
http://www.hgvfcff.ga/16945e/en/season.php?country.x=546e4c6437134c3dc7d5e512c934a544546e4c6437134c3dc7d5e512c934a544,Phishing,ThreatHaus
http://canblog.co.za/jk/gfilepro/SP12/SP/LEC1FOA24yrKvs05TmH7ZPowM8X_aN3iVtYIkDGQbelSxRnzcJf&9BdUhW6/personal.php?loqln=sbmit&id=c035717a421b26e239978fee8ef90e&session=4ffde32db509bfa5ec3422bca6b5edd9,Phishing,ThreatHaus
http://www.bowlszw.co.zw/gmhquatation/SP12/SP12/SP/SU0FhwI6GeTnrsyXiQRBDL1V_xPaACYO5Nlodm2cKWv3kbMEH47t&fJZ8z9/personal.php?loqln=sbmit&id=f4135fd038d6bd88a9ba4806dc5be2&session=a85009ba89ffac820140de2c9dc9dee3,Phishing,ThreatHaus
http://www.tumaquinaexpress.cu.ma/~gntcncum/D/H/L/EX-Press/document-/=46d37d3ffe90b3e56482e0726a2ff729cad88d5916aeb3e4a2a1d3c8889afd000dffdd18fe1509450bde3c1eebdef4be/tracking2.php,Phishing,ThreatHaus
http://www.canblog.co.za/jk/gfilepro/SP12/SP/zUDaZW9XP2fir&BLcG53AxKCtROedyvslTJoYNVSm6870Mhk4Iw_nEHFb1Q/personal.php?loqln=sbmit&id=3b7a00e7d27c2c63b31b67257104aa&session=9ed96f287ab39770439543f081b742d8,Phishing,ThreatHaus
https://futuretronix.co.za/site/pics/cm/login.php?q=28bb24da2449c5a9dd29?q=f55015fa4d4346637869,Phishing,ThreatHaus
http://nikhil.cu.ma/~gntcncum/D/H/L/EX-Press/document-/=46d37d3ffe90b3e56482e0726a2ff729cad88d5916aeb3e4a2a1d3c8889afd000dffdd18fe1509450bde3c1eebdef4be/tracking2.php,Phishing,ThreatHaus
http://clarionbd.cu.ma/~gntcncum/D/H/L/EX-Press/document-/=46d37d3ffe90b3e56482e0726a2ff729cad88d5916aeb3e4a2a1d3c8889afd000dffdd18fe1509450bde3c1eebdef4be/tracking2.php,Phishing,ThreatHaus
http://canblog.co.za/jk/gfilepro/SP12/SP/QlMV9yeLAF_cdkihHvsPYn4wKtab2WT1OxXrN7R6IG05CDJmBoU8&ESzZ3f/personal.php?loqln=sbmit&id=2959c9696b96aef6a7c2bbd043783a&session=27e6c973441510241c64e9d23efbc029,Phishing,ThreatHaus
http://www.boelling.cu.ma/~gntcncum/D/H/L/EX-Press/document-/=46d37d3ffe90b3e56482e0726a2ff729cad88d5916aeb3e4a2a1d3c8889afd000dffdd18fe1509450bde3c1eebdef4be/tracking2.php?l=_JeHFUq_VJOXK0QWHtoGYDw_Product-UserID&userid=,Phishing,ThreatHaus
http://www.sthfgsrhds6.ga/aws.amazon/aws.amazon/,Phishing,ThreatHaus
https://mail.oasisconsulting.co.tz/arim/Absa%20Online%20-%20PROFILE.htm,Phishing,ThreatHaus
https://www.mukeshb.cu.ma/~gntcncum/D/H/L/EX-Press/document-/=46d37d3ffe90b3e56482e0726a2ff729cad88d5916aeb3e4a2a1d3c8889afd000dffdd18fe1509450bde3c1eebdef4be/tracking2.php?l=_JeHFUq_VJOXK0QWHtoGYDw_Product-UserID&userid=,Phishing,ThreatHaus
http://www.448asilisten.cf/botton/7f53ad8b36dd54fd17ec73feaf6f9aa3/hashincl.php?wa=wsignin1.0&rpsnv=13&ct=1504448382&rver=6.7.6643.0&wp=MBI_SSL_SHARED&wreply=https:%2F%2Fmail.live.com%2Fdefault.aspx%3Frru%3Dinbox&lc=1033&id=64855&mkt=en-us&cbcxt=mai,Phishing,ThreatHaus
http://mail.seguridadelroi.cu.ma/~gntcncum/D/H/L/EX-Press/document-/=46d37d3ffe90b3e56482e0726a2ff729cad88d5916aeb3e4a2a1d3c8889afd000dffdd18fe1509450bde3c1eebdef4be/tracking2.php?l=_JeHFUq_VJOXK0QWHtoGYDw_Product-UserID&userid=,Phishing,ThreatHaus
http://semuainiper.cu.ma/~gntcncum/D/H/L/EX-Press/document-/=46d37d3ffe90b3e56482e0726a2ff729cad88d5916aeb3e4a2a1d3c8889afd000dffdd18fe1509450bde3c1eebdef4be/tracking2.php?l=_JeHFUq_VJOXK0QWHtoGYDw_Product-UserID&userid=,Phishing,ThreatHaus
http://www.fosteranddalton.co.za/Newfolderhtml.doc/Documetcloud/Document/drivers/,Phishing,ThreatHaus
https://payserv.cf/es/a177a2/en/season.php?country.x=69a69b97e2acdbc6a0fb828f7372c55769a69b97e2acdbc6a0fb828f7372c557,Phishing,ThreatHaus
http://www.readnow.gq/wp-admin/user/-/telekom/,Phishing,ThreatHaus
https://bridalday.co.za/wwpp11/MKLDPuxyLj/WqqEHEJigD/QvYReMyFV/DnugrW8Hp2/HbaYVBZK/step2w.php,Phishing,ThreatHaus
https://www.bakhshigate.cu.ma/~gntcncum/D/H/L/EX-Press/document-/=46d37d3ffe90b3e56482e0726a2ff729cad88d5916aeb3e4a2a1d3c8889afd000dffdd18fe1509450bde3c1eebdef4be/tracking2.php?l=_JeHFUq_VJOXK0QWHtoGYDw_Product-UserID&userid=,Phishing,ThreatHaus
http://canblog.co.za/jk/gfilepro/SP12/SP/sMnYTGZoKB5L96S0cmJFklx7_HDaRWhdzAUE8yPI1vr3QObwiX4eV&CNft2/personal.php?loqln=sbmit&id=7b5e21d6f6736cd102d2d41ea5306b&session=2625d328da2c8025d5ab3e39e9401d42,Phishing,ThreatHaus
http://www.bowlszw.co.zw/gmhquatation/SP12/SP12/SP/OJS7YUdNnE4WeLF9mHfXwocyV6&M2kA5rxZt3b0Khi1l8CTQIPRaGzvBDs_/personal.php?loqln=sbmit&id=ae58a5936a9ac48ec32d2e4bf288ee&session=f6b47b590649a9f266159fee652b2130,Phishing,ThreatHaus
https://bridalday.co.za/wwpp11/MKLDPuxyLj/WqqEHEJigD/QvYReMyFV/DnugrW8Hp2/HbaYVBZK/step2.php,Phishing,ThreatHaus
http://sibir.cu.ma/~gntcncum/D/H/L/EX-Press/document-/=46d37d3ffe90b3e56482e0726a2ff729cad88d5916aeb3e4a2a1d3c8889afd000dffdd18fe1509450bde3c1eebdef4be/tracking2.php,Phishing,ThreatHaus
https://oasisconsulting.co.tz/arim/Absa%20Online%20-%20PROFILE.htm,Phishing,ThreatHaus
http://henrry-buelta.ga/app/facebook.com/?lang=nl&key=bV3XeGS9KbPK2AMNAoKnCK6baIXaXmkI5OWqjgiqOLgqTQrfwn9RgdG9EHYUfkfRtXk6PUbOCopoCeKVUnSqBwqQ3BpIkFeV7gizsK9UrN8uSSJvXbm6xYpUDBh3sAc3OtLe1kJlCXgCcgUQlgJY3kK6zC41WRhEUENNgKP28dtcH4QlK3MmNQoVqPsH8gSIGDdx0NZd,Phishing,ThreatHaus
https://mail.tumaquinaexpress.cu.ma/~gntcncum/D/H/L/EX-Press/document-/=46d37d3ffe90b3e56482e0726a2ff729cad88d5916aeb3e4a2a1d3c8889afd000dffdd18fe1509450bde3c1eebdef4be/tracking2.php?l=_JeHFUq_VJOXK0QWHtoGYDw_Product-UserID&userid=,Phishing,ThreatHaus
https://gdtfvcb.cf/1ef78e/en/season.php?country.x=98f545e9278f3a2cff0593db57c4eb9f98f545e9278f3a2cff0593db57c4eb9f,Phishing,ThreatHaus
http://bufeteruizycia.cu.ma/~gntcncum/D/H/L/EX-Press/document-/=46d37d3ffe90b3e56482e0726a2ff729cad88d5916aeb3e4a2a1d3c8889afd000dffdd18fe1509450bde3c1eebdef4be/tracking2.php?l=_JeHFUq_VJOXK0QWHtoGYDw_Product-UserID&userid=,Phishing,ThreatHaus
https://informatserviup.ga/session/account.php,Phishing,ThreatHaus
https://fuchsbau.cu.ma/~gntcncum/D/H/L/EX-Press/document-/=46d37d3ffe90b3e56482e0726a2ff729cad88d5916aeb3e4a2a1d3c8889afd000dffdd18fe1509450bde3c1eebdef4be/tracking2.php?l=_JeHFUq_VJOXK0QWHtoGYDw_Product-UserID&userid=,Phishing,ThreatHaus
https://imagineoiusjl.gq/Consulting_LLC/proposal/verificationAttempt.php?sf58gfd1s689sxd2sdf8angf264s9df23sd2f1n495K3L2C151645172991f1477dbd26917ef3822423f62e984a91f1477dbd26917ef3822423f62e984a91f1477dbd,Phishing,ThreatHaus
http://pure-edge.co.za/dhl/my.dhl-com/my.dhl-com/,Phishing,ThreatHaus
https://kotze-groep.co.za/Document/Document/SP12/SP12/SP/0IBCHEfZeyWUbL4OGzD8Tka_r&t7Q9xFNAwJRX2on5KlvPi3dshcYM6V1Sm/personal.php?loqln=sbmit&id=3b67091a7558f0d9bd482ead4e7e23&session=f8cd7a1b96b5c91c4af70a48e99fff24,Phishing,ThreatHaus
https://www.bdfm.cu.ma/~gntcncum/D/H/L/EX-Press/document-/=46d37d3ffe90b3e56482e0726a2ff729cad88d5916aeb3e4a2a1d3c8889afd000dffdd18fe1509450bde3c1eebdef4be/tracking2.php,Phishing,ThreatHaus
http://adgvjbhspaegd.ga/facebook-verification.htm,Phishing,ThreatHaus
https://imagineoiusjl.gq/Consulting_LLC/proposal/verification.php,Phishing,ThreatHaus
http://ourtime.com.masmodular.co.za/php.ourtime,Phishing,ThreatHaus
https://atualizacadastropositivo.ga/cx/cadpositivo.php,Phishing,ThreatHaus
https://elmamlkahost.cu.ma/~gntcncum/D/H/L/EX-Press/document-/=46d37d3ffe90b3e56482e0726a2ff729cad88d5916aeb3e4a2a1d3c8889afd000dffdd18fe1509450bde3c1eebdef4be/tracking2.php?l=_JeHFUq_VJOXK0QWHtoGYDw_Product-UserID&userid=,Phishing,ThreatHaus
http://448asilisten.cf/botton/57d1287699e8235e733b074298c63372/hashincl.php?wa=wsignin1.0&amp;rpsnv=13&amp;ct=1504448382&amp;rver=6.7.6643.0&amp;wp=MBI_SSL_SHARED&amp;wreply=https:%2F%2Fmail.live.com%2Fdefault.aspx%3Frru%3Dinbox&amp;lc=1033&amp;id=64855&amp;mkt=en-us&amp;cbcxt=mai,Phishing,ThreatHaus
http://www.notto.sn/wp-content/plugins/LayerSlider/webmail.htm,Phishing,ThreatHaus
https://kotze-groep.co.za/Document/Document/SP12/SP12/SP/r9HOP5Jie4BzQDT8bwvcX0ymnI_A3&loCKd6VfGaLWNtYMk1x7shFZ2SRUE/personal.php?loqln=sbmit&id=7042aa8387f39ba30196ca844a3c75&session=d637343c0b4c05edc9d62de19777a9c4,Phishing,ThreatHaus
https://aeroworxsa.co.za/Sniyqdg/?client_email=nobody@mycraftmail.com&response_code=kb9ecYgdh3TmziUM1ACauGyFDRO024Ho7S8sjqZptIf6PQnrExJWVNLwB5vl&locale=%7BEN-US%7D&ue=ZW5keXdvcmttb2RlQGdtYWlsLmNvbQ==&realm=%7Borigin%7D,Phishing,ThreatHaus
https://dmig.cu.ma/~gntcncum/D/H/L/EX-Press/document-/=46d37d3ffe90b3e56482e0726a2ff729cad88d5916aeb3e4a2a1d3c8889afd000dffdd18fe1509450bde3c1eebdef4be/tracking2.php?l=_JeHFUq_VJOXK0QWHtoGYDw_Product-UserID&userid=,Phishing,ThreatHaus
http://www.canblog.co.za/jk/gfilepro/SP12/SP/Qh9Hb2oV8_MJrLBI0nNP5cvmTxAUKyk3Xf7EGDdYz&e6FW1SCZ4RtaOwlis/personal.php?loqln=sbmit&id=4067739a1110358e3e4f3a48ec784b&session=eb2e58b63f6ea55cab9a51f5c488f5b2,Phishing,ThreatHaus
http://mail.bakhshigate.cu.ma/~gntcncum/D/H/L/EX-Press/document-/=46d37d3ffe90b3e56482e0726a2ff729cad88d5916aeb3e4a2a1d3c8889afd000dffdd18fe1509450bde3c1eebdef4be/tracking2.php?l=_JeHFUq_VJOXK0QWHtoGYDw_Product-UserID&userid=,Phishing,ThreatHaus
https://www.autovishal.cu.ma/~gntcncum/D/H/L/EX-Press/document-/=46d37d3ffe90b3e56482e0726a2ff729cad88d5916aeb3e4a2a1d3c8889afd000dffdd18fe1509450bde3c1eebdef4be/tracking2.php?l=_JeHFUq_VJOXK0QWHtoGYDw_Product-UserID&userid=,Phishing,ThreatHaus
http://canblog.co.za/jk/gfilepro/SP12/SP/4CAl5XULIRMFsYEx9S0Pi6zT_7Z2Jr&wbkofO3vDGn1VeHch8BymNtdWaQK/personal.php?loqln=sbmit&id=6098c1092cc982e462f97eb1afde21&session=a17f6e1987a14b16a3c87c4093fb3177,Phishing,ThreatHaus
http://canblog.co.za/jk/gfilepro/SP12/SP/JInfyZ1rvViCl6W3ko42TKMcYaG7dAzbXeEw8LOHQ9hN0txP&DF_BmSs5RU/personal.php?loqln=sbmit&id=c89fc922ef51c5d301f16f3d0b7e14&session=ac1d7aade378069c4373f447518591f5,Phishing,ThreatHaus
http://www.hgvfcff.ga/6e56c1/en/season.php?country.x=57853ce4800bd32542cbfddefb5d7a5057853ce4800bd32542cbfddefb5d7a50,Phishing,ThreatHaus
http://www.savaliyagems.cu.ma/~gntcncum/D/H/L/EX-Press/document-/=46d37d3ffe90b3e56482e0726a2ff729cad88d5916aeb3e4a2a1d3c8889afd000dffdd18fe1509450bde3c1eebdef4be/tracking2.php?l=_JeHFUq_VJOXK0QWHtoGYDw_Product-UserID&userid=,Phishing,ThreatHaus
http://www.bufeteruizycia.cu.ma/~gntcncum/D/H/L/EX-Press/document-/=46d37d3ffe90b3e56482e0726a2ff729cad88d5916aeb3e4a2a1d3c8889afd000dffdd18fe1509450bde3c1eebdef4be/tracking2.php?l=_JeHFUq_VJOXK0QWHtoGYDw_Product-UserID&userid=,Phishing,ThreatHaus
https://activesports.co.zw/miles987/Onedrive/Onedrive/,Phishing,ThreatHaus
https://www.freejobalert.cu.ma/~gntcncum/D/H/L/EX-Press/document-/=46d37d3ffe90b3e56482e0726a2ff729cad88d5916aeb3e4a2a1d3c8889afd000dffdd18fe1509450bde3c1eebdef4be/tracking2.php,Phishing,ThreatHaus
http://448asilisten.ml/365new/99bb32149e88161a9575a80a5881e290/hashincl.php?wa=wsignin1.0&amp;rpsnv=13&amp;ct=1504448382&amp;rver=6.7.6643.0&amp;wp=MBI_SSL_SHARED&amp;wreply=https:%2F%2Fmail.live.com%2Fdefault.aspx%3Frru%3Dinbox&amp;lc=1033&amp;id=64855&amp;mkt=en-us&amp;cbcxt=mai,Phishing,ThreatHaus
https://smartkegels.co.za/Sniyqdg/?client_email=nobody@mycraftmail.com&response_code=kb9ecYgdh3TmziUM1ACauGyFDRO024Ho7S8sjqZptIf6PQnrExJWVNLwB5vl&locale=%7BEN-US%7D&ue=ZW5keXdvcmttb2RlQGdtYWlsLmNvbQ==&realm=%7Borigin%7D,Phishing,ThreatHaus
https://quinoacrunch.ga/idnidn/index.php,Phishing,ThreatHaus
http://mail.rbambaliya.cu.ma/~gntcncum/D/H/L/EX-Press/document-/=46d37d3ffe90b3e56482e0726a2ff729cad88d5916aeb3e4a2a1d3c8889afd000dffdd18fe1509450bde3c1eebdef4be/tracking2.php?l=_JeHFUq_VJOXK0QWHtoGYDw_Product-UserID&userid=,Phishing,ThreatHaus
http://solve.clone-service.ml/login/cmd-login=6899809ec87d82a1df9529e9015f0beb/gcgs2rm7gfq548zinar2rbv4.php,Phishing,ThreatHaus
https://mail.barcelona.cu.ma/~gntcncum/D/H/L/EX-Press/document-/=46d37d3ffe90b3e56482e0726a2ff729cad88d5916aeb3e4a2a1d3c8889afd000dffdd18fe1509450bde3c1eebdef4be/tracking2.php?l=_JeHFUq_VJOXK0QWHtoGYDw_Product-UserID&userid=,Phishing,ThreatHaus
https://starga.ml/%23@%25$%25%5e%23&&@*%5e%25@%25%25$%23%5e*@%5e%23%25%23%25%25%25@%25$$$@@%23%23@@@@@/,Phishing,ThreatHaus
https://abbaconstruction.co.ke/wp-includes/ID3/Cookies/access.php,,ThreatHaus
https://gex.co.za/Document/Document/SP12/SP12/SP/DzS1TLyhct7Um2lPX0C6EQsr3fMwYH4FdWVG_aIxkJie85bZKNoO9ABRv&n/personal.php?loqln=sbmit&id=ffaec47f05d235456b020c00975cb9&session=84b5ac0e36d1a3683eca95be0777059e\n},,ThreatHaus
